Course,L,Ind,CG,WG,OG,AnQ,SQ,WC,Prd,SP,T/Q,W,O,Lec,RtW,Fup,PQ,CQ,AnQ.1,MG,1o1,D/V,Adm,Total
ISLE_Course1,0.9823008849557522,0.3008849557522124,0.1592920353982301,0.0,0.1504424778761062,0.7256637168141593,0.20353982300884957,0.008849557522123894,0.02654867256637168,0.0,0.0,0.02654867256637168,0.0,0.39823008849557523,0.6017699115044248,0.45132743362831856,0.8141592920353983,0.17699115044247787,0.22123893805309736,0.008849557522123894,0.08849557522123894,0.3185840707964602,0.07964601769911504,113.0
ISLE_Course2,0.8842975206611571,0.2231404958677686,0.0,0.10743801652892562,0.03305785123966942,0.18181818181818182,0.1487603305785124,0.0,0.0,0.09090909090909091,0.0,0.0,0.0,0.628099173553719,0.23140495867768596,0.2809917355371901,0.2231404958677686,0.05785123966942149,0.15702479338842976,0.15702479338842976,0.0,0.0743801652892562,0.06611570247933884,121.0
ISLE_Course3,0.9830508474576272,0.4406779661016949,0.1271186440677966,0.0,0.1016949152542373,0.6101694915254238,0.2627118644067797,0.0,0.025423728813559324,0.0,0.0,0.0,0.03389830508474576,0.5338983050847458,0.7372881355932204,0.4491525423728814,0.7033898305084746,0.2542372881355932,0.2711864406779661,0.00847457627118644,0.0,0.2033898305084746,0.0423728813559322,118.0
ISLE_Course4,0.6283185840707964,0.168141592920354,0.0,0.4247787610619469,0.10619469026548672,0.4690265486725664,0.2831858407079646,0.02654867256637168,0.0,0.0,0.0,0.0,0.0,0.12389380530973451,0.39823008849557523,0.49557522123893805,0.9203539823008849,0.0,0.2743362831858407,0.48672566371681414,0.04424778761061947,0.02654867256637168,0.02654867256637168,113.0
ISLE_Course5,0.643312101910828,0.0,0.0,0.3503184713375796,0.24203821656050956,0.37579617834394907,0.006369426751592357,0.0,0.025477707006369428,0.0,0.0,0.0,0.0,0.16560509554140126,0.39490445859872614,0.445859872611465,0.8598726114649682,0.0,0.0,0.5923566878980892,0.0,0.10828025477707007,0.025477707006369428,157.0
ISLE_Course6,0.4672897196261682,0.4953271028037383,0.0,0.8037383177570093,0.0,0.09345794392523364,0.009345794392523364,0.0,0.018691588785046728,0.0,0.0,0.009345794392523364,0.056074766355140186,0.12149532710280374,0.205607476635514,0.32710280373831774,0.8598130841121495,0.0,0.009345794392523364,0.6822429906542056,0.0,0.07476635514018691,0.028037383177570093,107.0
PeerInstruction_Course1,0.9895833333333334,0.0,0.020833333333333332,0.0,0.10416666666666667,0.8125,0.22916666666666666,0.0,0.052083333333333336,0.0,0.0,0.0,0.020833333333333332,0.8854166666666666,0.5833333333333334,0.19791666666666666,0.84375,0.020833333333333332,0.22916666666666666,0.0625,0.0,0.46875,0.010416666666666666,96.0
PeerInstruction_Course2,0.8571428571428571,0.42857142857142855,0.26785714285714285,0.0,0.07142857142857142,0.45535714285714285,0.03571428571428571,0.0,0.008928571428571428,0.0,0.0,0.0,0.0,0.44642857142857145,0.11607142857142858,0.4732142857142857,0.6607142857142857,0.3392857142857143,0.044642857142857144,0.35714285714285715,0.0,0.22321428571428573,0.08035714285714286,112.0
PeerInstruction_Course3,0.9315068493150684,0.4520547945205479,0.6164383561643836,0.0273972602739726,0.0,0.2328767123287671,0.0,0.0,0.0,0.0,0.0,0.0,0.0,0.4931506849315068,0.0,0.6301369863013698,0.273972602739726,0.6575342465753424,0.0,0.4246575342465753,0.0,0.2054794520547945,0.0273972602739726,73.0
PeerInstruction_Course4,0.974025974025974,0.4675324675324675,0.4025974025974026,0.0,0.025974025974025976,0.14285714285714285,0.03896103896103896,0.0,0.0,0.0,0.0,0.0,0.0,0.44155844155844154,0.0,0.5844155844155844,0.18181818181818182,0.4675324675324675,0.03896103896103896,0.4155844155844156,0.012987012987012988,0.23376623376623376,0.07792207792207792,77.0
PeerInstruction_Course5,0.9315068493150684,0.5068493150684932,0.410958904109589,0.0,0.0547945205479452,0.1643835616438356,0.0547945205479452,0.0,0.0273972602739726,0.0,0.0,0.0,0.0,0.4794520547945205,0.1232876712328767,0.5205479452054794,0.3424657534246575,0.4520547945205479,0.0547945205479452,0.2876712328767123,0.0,0.136986301369863,0.0547945205479452,73.0
PeerInstruction_Course6,0.9550561797752809,0.42696629213483145,0.30337078651685395,0.0,0.07865168539325842,0.38202247191011235,0.0449438202247191,0.033707865168539325,0.0,0.0,0.0,0.0,0.0,0.20224719101123595,0.21348314606741572,0.651685393258427,0.4606741573033708,0.43820224719101125,0.056179775280898875,0.12359550561797752,0.0,0.0898876404494382,0.12359550561797752,89.0
PeerInstruction_Course7,0.921875,0.125,0.0234375,0.0,0.1875,0.4921875,0.109375,0.0,0.0078125,0.0,0.0,0.0234375,0.0,0.6015625,0.7578125,0.328125,0.640625,0.046875,0.125,0.171875,0.0078125,0.1875,0.0625,128.0
PeerInstruction_Course8,0.8902439024390244,0.4024390243902439,0.3780487804878049,0.0,0.0,0.3048780487804878,0.17073170731707318,0.0,0.0,0.0,0.0,0.06097560975609756,0.0,0.36585365853658536,0.3048780487804878,0.573170731707317,0.36585365853658536,0.4146341463414634,0.17073170731707318,0.2682926829268293,0.0,0.10975609756097561,0.0975609756097561,82.0
PeerInstruction_Course9,0.9230769230769231,0.4065934065934066,0.25274725274725274,0.0,0.0,0.06593406593406594,0.04395604395604396,0.0,0.0,0.0,0.0,0.0,0.0,0.5714285714285714,0.3516483516483517,0.31868131868131866,0.1978021978021978,0.31868131868131866,0.04395604395604396,0.04395604395604396,0.0,0.06593406593406594,0.03296703296703297,91.0
SCALEUP_Course1,0.6335403726708074,0.5279503105590062,0.049689440993788817,0.0,0.4782608695652174,0.031055900621118012,0.037267080745341616,0.0,0.0,0.0,0.0,0.0,0.0,0.2732919254658385,0.4409937888198758,0.35403726708074534,0.5279503105590062,0.06832298136645963,0.037267080745341616,0.5341614906832298,0.049689440993788817,0.10559006211180125,0.006211180124223602,161.0
SCALEUP_Course2,0.7426470588235294,0.34558823529411764,0.014705882352941176,0.0,0.4411764705882353,0.3602941176470588,0.058823529411764705,0.0,0.0,0.09558823529411764,0.0,0.03676470588235294,0.0,0.18382352941176472,0.0661764705882353,0.4852941176470588,0.7941176470588235,0.058823529411764705,0.058823529411764705,0.4485294117647059,0.22794117647058823,0.051470588235294115,0.11029411764705882,136.0
SCALEUP_Course3,0.26618705035971224,0.0,0.0,0.0,0.8345323741007195,0.014388489208633094,0.014388489208633094,0.0,0.0,0.1223021582733813,0.0,0.0,0.0,0.050359712230215826,0.014388489208633094,0.17266187050359713,0.9424460431654677,0.0,0.014388489208633094,0.8057553956834532,0.03597122302158273,0.0,0.08633093525179857,139.0
SCALEUP_Course4,0.45222929936305734,0.27388535031847133,0.0,0.0,0.7133757961783439,0.14012738853503184,0.044585987261146494,0.0,0.0,0.0,0.0,0.0,0.0,0.12738853503184713,0.17197452229299362,0.29936305732484075,0.8662420382165605,0.0,0.044585987261146494,0.7006369426751592,0.0,0.08917197452229299,0.050955414012738856,157.0
SCALEUP_Course5,0.6927374301675978,0.12849162011173185,0.0,0.0,0.43575418994413406,0.1787709497206704,0.00558659217877095,0.0,0.0,0.0,0.0,0.0,0.0,0.43575418994413406,0.061452513966480445,0.2122905027932961,0.6424581005586593,0.00558659217877095,0.00558659217877095,0.41899441340782123,0.0,0.0446927374301676,0.05027932960893855,179.0
SCALEUP_Course6,0.49074074074074076,0.24074074074074073,0.23148148148148148,0.19444444444444445,0.2777777777777778,0.046296296296296294,0.018518518518518517,0.0,0.0,0.0,0.0,0.0,0.0,0.26851851851851855,0.23148148148148148,0.09259259259259259,0.5648148148148148,0.24074074074074073,0.027777777777777776,0.6388888888888888,0.0,0.05555555555555555,0.07407407407407407,108.0
SCALEUP_Course7,0.30625,0.175,0.0,0.4625,0.1875,0.1125,0.0375,0.0,0.0,0.0,0.0,0.0,0.0,0.21875,0.1875,0.04375,0.8625,0.0,0.03125,0.675,0.0125,0.04375,0.01875,160.0
Tutorials_Course2,0.5178571428571429,0.0625,0.017857142857142856,0.4375,0.11607142857142858,0.24107142857142858,0.20535714285714285,0.0,0.0,0.05357142857142857,0.0,0.0,0.0,0.19642857142857142,0.24107142857142858,0.2857142857142857,0.8214285714285714,0.044642857142857144,0.19642857142857142,0.5089285714285714,0.0,0.0,0.07142857142857142,112.0
Tutorials_Course3,0.5818181818181818,0.44545454545454544,0.0,0.15454545454545454,0.4636363636363636,0.10909090909090909,0.07272727272727272,0.0,0.03636363636363636,0.03636363636363636,0.0,0.0,0.0,0.2,0.21818181818181817,0.32727272727272727,0.7545454545454545,0.0,0.08181818181818182,0.5454545454545454,0.0,0.06363636363636363,0.045454545454545456,110.0
Tutorials_Course4,0.02666666666666667,0.0,0.0,1.0,0.0,0.0,0.0,0.0,0.10666666666666667,0.0,0.0,0.0,0.0,0.02666666666666667,0.0,0.013333333333333334,1.0,0.0,0.0,1.0,0.0,0.013333333333333334,0.0,75.0
Tutorials_Course5,0.23417721518987342,0.33544303797468356,0.0,0.7974683544303798,0.0,0.15822784810126583,0.0,0.006329113924050633,0.0,0.0,0.0,0.0,0.006329113924050633,0.22784810126582278,0.1518987341772152,0.0,0.9556962025316456,0.0,0.0,0.7784810126582279,0.0,0.05063291139240506,0.0189873417721519,158.0
Tutorials_Course6,1.0,0.13846153846153847,0.27692307692307694,0.0,0.18461538461538463,0.07692307692307693,0.16923076923076924,0.0,0.0,0.0,0.0,0.0,0.0,0.7076923076923077,0.015384615384615385,0.3384615384615385,0.2153846153846154,0.27692307692307694,0.15384615384615385,0.0,0.0,0.15384615384615385,0.03076923076923077,65.0
Tutorials_Course7,0.6454545454545455,0.2727272727272727,0.0,0.45454545454545453,0.1,0.39090909090909093,0.01818181818181818,0.0,0.0,0.0,0.0,0.0,0.0,0.13636363636363635,0.2,0.4636363636363636,0.8727272727272727,0.0,0.01818181818181818,0.4727272727272727,0.0,0.0,0.07272727272727272,110.0
Tutorials_Course8,0.14912280701754385,0.6666666666666666,0.0,0.9122807017543859,0.09649122807017543,0.05263157894736842,0.043859649122807015,0.0,0.0,0.0,0.0,0.0,0.0,0.0,0.043859649122807015,0.10526315789473684,0.9649122807017544,0.0,0.05263157894736842,0.9035087719298246,0.0,0.008771929824561403,0.03508771929824561,114.0
Tutorials_Course9,0.6701030927835051,0.061855670103092786,0.0,0.38144329896907214,0.0,0.061855670103092786,0.16494845360824742,0.0,0.0,0.0,0.0,0.0,0.0,0.6185567010309279,0.020618556701030927,0.09278350515463918,0.4845360824742268,0.0,0.15463917525773196,0.35051546391752575,0.0,0.010309278350515464,0.010309278350515464,97.0
