Course,Lec,CG,WG,SQ,OG,PQ,CQ,1o1,PreMean,PreStd,PostMean,PostStd,Effect Size,Class Size,N,Field
1a,0.929,0.121,0.000,0.141,0.000,0.111,0.131,,0.43,0.151,0.561,0.19,0.7633521962,238,144,Astro
1b,0.878,0.041,0.122,0.041,0.000,0.020,0.061,0.000,0.408,0.148,0.563,0.17,0.9725182106,143,95,Astro
2a,0.513,0.295,0.000,0.064,0.000,0.526,0.449,0.000,0.511,0.191,0.651,0.206,0.704786781,103,62,Physics
2b,0.544,0.367,0.000,0.051,0.000,0.544,0.418,0.000,0.534,0.182,0.625,0.232,0.4364420548,128,77,Physics
3a,0.275,0.157,0.000,0.137,0.098,0.529,0.216,0.000,0.39,0.2,0.609,0.22,1.041676772,,176,Physics
3b,0.061,0.184,0.000,0.143,0.184,0.673,0.245,0.000,0.39,0.2,0.558,0.224,0.7911863683,,175,Physics
4a,0.365,0.500,0.000,0.135,0.000,0.270,0.635,,0.316,0.153,0.447,0.216,0.6998995758,,104,Physics
4b,0.377,0.506,0.000,0.143,0.000,0.286,0.558,,0.378,0.154,0.556,0.246,0.8673541161,,70,Physics
4c,0.368,0.461,0.000,0.171,0.000,0.224,0.579,,0.319,0.163,0.466,0.235,0.7268948786,,145,Physics
4d,0.551,0.551,0.000,0.051,0.000,0.244,0.538,,0.37,0.16,0.543,0.261,0.7991763881,,80,Physics
4e,0.500,0.462,0.000,0.141,0.000,0.321,0.500,,0.328,0.154,0.503,0.242,0.8627915936,,182,Physics
5a,0.962,0.000,0.000,0.154,0.000,0.096,0.077,,0.45,0.15,0.6,0.16,0.9672388203,29,18,Physics
6a,0.974,0.000,0.000,0.066,0.000,0.171,0.079,0.000,0.66,0.2,0.69,0.19,0.1537956048,81,59,Physics